

[
  {
    "title": "Westminister Bridge",
    "city": "London",
    "address": "Somewhere in London",
    "distance": 300,
    "price": 99,
    "maxGroupSize": 10,
    "desc": "this is the description",
    "reviews": [],

    "photo": "/tour-images/tour-img01.jpg",
    "featured": true
  },
  {
    "title": "Bali, Indonesia",
    "city": "Bali",
    "address": "Somewhere in Indonesia",
    "distance": 400,
    "price": 99,
    "maxGroupSize": 8,
    "desc": "this is the description",
    "reviews": [],

    "photo": "/tour-images/tour-img02.jpg",
    "featured": true
  },
  {
    "title": "Beautiful Snowy Mountains",
    "city": "Bangkok",
    "address": "Somewhere in Thailand",
    "distance": 500,
    "price": 99,
    "maxGroupSize": 8,
    "desc": "this is the description",
    "reviews": [],

    "photo": "/tour-images/tour-img03.jpg",
    "featured": true
  },
  {
    "title": "Beautiful Sunrise, Thailand",
    "city": "Phuket",
    "address": "Somewhere in Thailand",
    "distance": 500,
    "price": 99,
    "maxGroupSize": 8,
    "desc": "this is the description",
    "reviews": [],

    "photo": "/tour-images/tour-img04.jpg",
    "featured": true
  },
  {
    "title": "Nusa Pendia Bali, Indonesia",
    "city": "Bali",
    "address": "Somewhere in Indonesia",
    "distance": 500,
    "price": 99,
    "maxGroupSize": 8,
    "desc": "this is the description",
    "reviews": [],

    "photo": "/tour-images/tour-img05.jpg",
    "featured": true
  },
  {
    "title": "Cherry Blossoms Spring",
    "city": "Tokyo",
    "address": "Somewhere in Japan",
    "distance": 500,
    "price": 99,
    "maxGroupSize": 8,
    "desc": "this is the description",
    "reviews": [],

    "photo": "/tour-images/tour-img06.jpg",
    "featured": true
  },
  {
    "title": "Holmen Lofoten, France",
    "city": "Paris",
    "address": "Somewhere in France",
    "distance": 500,
    "price": 99,
    "maxGroupSize": 8,
    "desc": "this is the description",
    "reviews": [],

    "photo": "/tour-images/tour-img07.jpg",
    "featured": true
  },
  {
    "title": "Snowy Mountains, Thailand",
    "city": "Bangkok",
    "address": "Somewhere in Thailand",
    "distance": 500,
    "price": 99,
    "maxGroupSize": 8,
    "desc": "this is the description",
    "reviews": [],

    "photo": "/tour-images/tour-img03.jpg",
    "featured": true
  },
  {
    "title": "Jaflong, Sylhet",
    "city": "Sylhet",
    "address": "Somewhere in Sylhet",
    "distance": 100,
    "price": 99,
    "maxGroupSize": 5,
    "desc": "this is the description",
    "reviews": [],

    "photo": "/tour-images/tour-img08.jpg",
    "featured": false
  },
  {
    "title": "Cox's Bazar Sea Beach",
    "city": "Chittagong",
    "address": "Somewhere in Chittagong",
    "distance": 500,
    "price": 99,
    "maxGroupSize": 8,
    "desc": "this is the description",
    "reviews": [],

    "photo": "/tour-images/tour-img09.jpg",
    "featured": false
  }
]
